osm_id,code,fclass,name,calming,source_file,source_layer,longitude,latitude
6173706985,5260,parking,,,eastern-zone-latest-free.gpkg,gis_osm_traffic_free,88.3458871,22.5704464
7051580442,5260,parking,,,eastern-zone-latest-free.gpkg,gis_osm_traffic_free,88.4859527,22.5853937
12307611501,5260,parking,Parking for car bike,,eastern-zone-latest-free.gpkg,gis_osm_traffic_free,88.3550672,22.5091825
12387773301,5260,parking,,,eastern-zone-latest-free.gpkg,gis_osm_traffic_free,88.3996316,22.5778772
12581616175,5260,parking,Biswas Motor Garage,,eastern-zone-latest-free.gpkg,gis_osm_traffic_free,88.5424917,22.7710145
52154774,5260,parking,,,eastern-zone-latest-free.gpkg,gis_osm_traffic_a_free,88.43852242469566,22.645766000000002
150612580,5260,parking,,,eastern-zone-latest-free.gpkg,gis_osm_traffic_a_free,88.40127774441035,22.574036200000002
150612585,5260,parking,,,eastern-zone-latest-free.gpkg,gis_osm_traffic_a_free,88.40076613523432,22.5737966
191322089,5260,parking,,,eastern-zone-latest-free.gpkg,gis_osm_traffic_a_free,88.40254177968801,22.57096905
191558584,5260,parking,,,eastern-zone-latest-free.gpkg,gis_osm_traffic_a_free,88.40541093129934,22.5713044
213852716,5260,parking,,,eastern-zone-latest-free.gpkg,gis_osm_traffic_a_free,88.43897482337505,22.64879655
358886818,5260,parking,,,eastern-zone-latest-free.gpkg,gis_osm_traffic_a_free,88.4216452,22.57620465
419250084,5260,parking,Parama Island,,eastern-zone-latest-free.gpkg,gis_osm_traffic_a_free,88.39848235835291,22.542710800000002
445155520,5260,parking,,,eastern-zone-latest-free.gpkg,gis_osm_traffic_a_free,88.43773327769688,22.64270625
513994270,5260,parking,,,eastern-zone-latest-free.gpkg,gis_osm_traffic_a_free,88.4786266005848,22.577718500000003
514006666,5260,parking,,,eastern-zone-latest-free.gpkg,gis_osm_traffic_a_free,88.4937068298691,22.5557047
514006667,5260,parking,,,eastern-zone-latest-free.gpkg,gis_osm_traffic_a_free,88.49302833594822,22.5567144
514006668,5260,parking,,,eastern-zone-latest-free.gpkg,gis_osm_traffic_a_free,88.49369253708741,22.55711995
514006690,5260,parking,,,eastern-zone-latest-free.gpkg,gis_osm_traffic_a_free,88.49213789999999,22.560348599999998
514276260,5260,parking,,,eastern-zone-latest-free.gpkg,gis_osm_traffic_a_free,88.49593735915202,22.56134925
514276262,5260,parking,,,eastern-zone-latest-free.gpkg,gis_osm_traffic_a_free,88.49567652354658,22.56184555
514276264,5260,parking,,,eastern-zone-latest-free.gpkg,gis_osm_traffic_a_free,88.49650922641096,22.5614071
514276270,5260,parking,,,eastern-zone-latest-free.gpkg,gis_osm_traffic_a_free,88.4957201533521,22.56088915
514276271,5260,parking,,,eastern-zone-latest-free.gpkg,gis_osm_traffic_a_free,88.49563251438913,22.5608125
514276272,5260,parking,,,eastern-zone-latest-free.gpkg,gis_osm_traffic_a_free,88.4958421117595,22.561061000000002
514276273,5260,parking,,,eastern-zone-latest-free.gpkg,gis_osm_traffic_a_free,88.49613900546592,22.560352899999998
514276274,5260,parking,,,eastern-zone-latest-free.gpkg,gis_osm_traffic_a_free,88.49641842636062,22.5603156
514276275,5260,parking,,,eastern-zone-latest-free.gpkg,gis_osm_traffic_a_free,88.4953496,22.5617109
514276276,5260,parking,,,eastern-zone-latest-free.gpkg,gis_osm_traffic_a_free,88.49495979871796,22.5614625
514276277,5260,parking,,,eastern-zone-latest-free.gpkg,gis_osm_traffic_a_free,88.49526008833658,22.56215835
514276278,5260,parking,,,eastern-zone-latest-free.gpkg,gis_osm_traffic_a_free,88.4959898057246,22.5627299
514276282,5260,parking,,,eastern-zone-latest-free.gpkg,gis_osm_traffic_a_free,88.49604908568782,22.559792299999998
514276283,5260,parking,,,eastern-zone-latest-free.gpkg,gis_osm_traffic_a_free,88.49516870583442,22.5607368
514276285,5260,parking,,,eastern-zone-latest-free.gpkg,gis_osm_traffic_a_free,88.49332039833638,22.5616777
514276292,5260,parking,,,eastern-zone-latest-free.gpkg,gis_osm_traffic_a_free,88.49579834977946,22.562543400000003
514276293,5260,parking,,,eastern-zone-latest-free.gpkg,gis_osm_traffic_a_free,88.49262675,22.5602405
514276294,5260,parking,,,eastern-zone-latest-free.gpkg,gis_osm_traffic_a_free,88.4930865836003,22.560097499999998
514276295,5260,parking,,,eastern-zone-latest-free.gpkg,gis_osm_traffic_a_free,88.49298049022815,22.5599636
514276297,5260,parking,,,eastern-zone-latest-free.gpkg,gis_osm_traffic_a_free,88.49337159999999,22.560190849999998
514284962,5260,parking,,,eastern-zone-latest-free.gpkg,gis_osm_traffic_a_free,88.4831507950675,22.574428349999998
514284964,5260,parking,,,eastern-zone-latest-free.gpkg,gis_osm_traffic_a_free,88.48071494516128,22.57352125
514284966,5260,parking,,,eastern-zone-latest-free.gpkg,gis_osm_traffic_a_free,88.48215442509176,22.5739175
514421524,5260,parking,,,eastern-zone-latest-free.gpkg,gis_osm_traffic_a_free,88.48003554709419,22.57637975
514421525,5260,parking,,,eastern-zone-latest-free.gpkg,gis_osm_traffic_a_free,88.48026947527612,22.5764694
514421526,5260,parking,,,eastern-zone-latest-free.gpkg,gis_osm_traffic_a_free,88.4810812612208,22.576299
514431703,5260,parking,,,eastern-zone-latest-free.gpkg,gis_osm_traffic_a_free,88.46066729985316,22.579687550000003
514431704,5260,parking,,,eastern-zone-latest-free.gpkg,gis_osm_traffic_a_free,88.46050131230257,22.5795937
514535237,5260,parking,,,eastern-zone-latest-free.gpkg,gis_osm_traffic_a_free,88.43308447431308,22.56760115
515169045,5260,parking,,,eastern-zone-latest-free.gpkg,gis_osm_traffic_a_free,88.45267896325154,22.58217345
530538850,5260,parking,,,eastern-zone-latest-free.gpkg,gis_osm_traffic_a_free,88.39499099185007,22.54200195
542169996,5260,parking,,,eastern-zone-latest-free.gpkg,gis_osm_traffic_a_free,88.40161189693335,22.5707222
542300689,5260,parking,,,eastern-zone-latest-free.gpkg,gis_osm_traffic_a_free,88.33903203154509,22.4952097
583870999,5260,parking,,,eastern-zone-latest-free.gpkg,gis_osm_traffic_a_free,88.39111487179093,22.48298055
583912552,5260,parking,,,eastern-zone-latest-free.gpkg,gis_osm_traffic_a_free,88.38871015000001,22.48392635
583912554,5260,parking,,,eastern-zone-latest-free.gpkg,gis_osm_traffic_a_free,88.38884847425764,22.48522735
754858333,5260,parking,Mani Casadona Parking Lot,,eastern-zone-latest-free.gpkg,gis_osm_traffic_a_free,88.48615083881602,22.584729000000003
906869325,5260,parking,,,eastern-zone-latest-free.gpkg,gis_osm_traffic_a_free,88.47163172229045,22.59447265
1035468550,5260,parking,,,eastern-zone-latest-free.gpkg,gis_osm_traffic_a_free,88.41590747319967,22.6346667
1073372196,5260,parking,,,eastern-zone-latest-free.gpkg,gis_osm_traffic_a_free,88.48993440000001,22.562340050000003
1073372200,5260,parking,,,eastern-zone-latest-free.gpkg,gis_osm_traffic_a_free,88.49009787115062,22.56259085
1073372211,5260,parking,,,eastern-zone-latest-free.gpkg,gis_osm_traffic_a_free,88.49031565,22.5626914
1073372215,5260,parking,,,eastern-zone-latest-free.gpkg,gis_osm_traffic_a_free,88.49002189920967,22.56247385
1073372216,5260,parking,,,eastern-zone-latest-free.gpkg,gis_osm_traffic_a_free,88.49077107391949,22.56350265
1120791148,5260,parking,,,eastern-zone-latest-free.gpkg,gis_osm_traffic_a_free,88.49255514975708,22.5632127
1120791151,5260,parking,,,eastern-zone-latest-free.gpkg,gis_osm_traffic_a_free,88.49269294713741,22.56303955
1120791155,5260,parking,,,eastern-zone-latest-free.gpkg,gis_osm_traffic_a_free,88.4926771718703,22.5630915
1120791158,5260,parking,,,eastern-zone-latest-free.gpkg,gis_osm_traffic_a_free,88.4923115771261,22.5633026
1120791161,5260,parking,,,eastern-zone-latest-free.gpkg,gis_osm_traffic_a_free,88.49225310071691,22.563339900000003
1138781819,5260,parking,,,eastern-zone-latest-free.gpkg,gis_osm_traffic_a_free,88.3586864009232,22.6546813
1145040360,5260,parking,,,eastern-zone-latest-free.gpkg,gis_osm_traffic_a_free,88.41349588955461,22.6405703
1158240666,5260,parking,,,eastern-zone-latest-free.gpkg,gis_osm_traffic_a_free,88.46566537952202,22.61023745
1158240667,5260,parking,,,eastern-zone-latest-free.gpkg,gis_osm_traffic_a_free,88.46782202220464,22.60747225
1158240712,5260,parking,,,eastern-zone-latest-free.gpkg,gis_osm_traffic_a_free,88.4639366997739,22.6079223
1158461740,5260,parking,,,eastern-zone-latest-free.gpkg,gis_osm_traffic_a_free,88.46583434273114,22.595244100000002
1158461741,5260,parking,,,eastern-zone-latest-free.gpkg,gis_osm_traffic_a_free,88.466153860491,22.5951218
1158461742,5260,parking,,,eastern-zone-latest-free.gpkg,gis_osm_traffic_a_free,88.4649858737274,22.596840049999997
1159184895,5260,parking,,,eastern-zone-latest-free.gpkg,gis_osm_traffic_a_free,88.49341786020132,22.562166249999997
1159195891,5260,parking,,,eastern-zone-latest-free.gpkg,gis_osm_traffic_a_free,88.49564930000001,22.563312000000003
1159195892,5260,parking,,,eastern-zone-latest-free.gpkg,gis_osm_traffic_a_free,88.49505028739733,22.563714349999998
1159195893,5260,parking,,,eastern-zone-latest-free.gpkg,gis_osm_traffic_a_free,88.4951495129979,22.56358415
1159356989,5260,parking,,,eastern-zone-latest-free.gpkg,gis_osm_traffic_a_free,88.49653501840328,22.562440199999998
1159356990,5260,parking,,,eastern-zone-latest-free.gpkg,gis_osm_traffic_a_free,88.49697756734403,22.562338949999997
1159366587,5260,parking,,,eastern-zone-latest-free.gpkg,gis_osm_traffic_a_free,88.49541528390786,22.562234099999998
1159366588,5260,parking,,,eastern-zone-latest-free.gpkg,gis_osm_traffic_a_free,88.49614237284715,22.5620506
1159366589,5260,parking,,,eastern-zone-latest-free.gpkg,gis_osm_traffic_a_free,88.4960994,22.5619391
1159412627,5260,parking,,,eastern-zone-latest-free.gpkg,gis_osm_traffic_a_free,88.49730765006252,22.56016975
1159412629,5260,parking,,,eastern-zone-latest-free.gpkg,gis_osm_traffic_a_free,88.49685327877359,22.56027255
1159412630,5260,parking,,,eastern-zone-latest-free.gpkg,gis_osm_traffic_a_free,88.4966738,22.5599679
1159412632,5260,parking,,,eastern-zone-latest-free.gpkg,gis_osm_traffic_a_free,88.4970327214655,22.56041325
1159412633,5260,parking,,,eastern-zone-latest-free.gpkg,gis_osm_traffic_a_free,88.49727150000001,22.56059305
1159412635,5260,parking,,,eastern-zone-latest-free.gpkg,gis_osm_traffic_a_free,88.49772267732558,22.560685399999997
1159412636,5260,parking,,,eastern-zone-latest-free.gpkg,gis_osm_traffic_a_free,88.4973109769331,22.5614117
1159412637,5260,parking,,,eastern-zone-latest-free.gpkg,gis_osm_traffic_a_free,88.49753772175308,22.56104035
1159412638,5260,parking,,,eastern-zone-latest-free.gpkg,gis_osm_traffic_a_free,88.49693027306691,22.5606133
1159412639,5260,parking,,,eastern-zone-latest-free.gpkg,gis_osm_traffic_a_free,88.4969887,22.560694599999998
1159412641,5260,parking,,,eastern-zone-latest-free.gpkg,gis_osm_traffic_a_free,88.49640013726494,22.560735049999998
1159412644,5260,parking,,,eastern-zone-latest-free.gpkg,gis_osm_traffic_a_free,88.49606886958055,22.56244675
1159412646,5260,parking,,,eastern-zone-latest-free.gpkg,gis_osm_traffic_a_free,88.495795,22.5626559
1159412647,5260,parking,,,eastern-zone-latest-free.gpkg,gis_osm_traffic_a_free,88.49638193123963,22.5624282
1159412648,5260,parking,,,eastern-zone-latest-free.gpkg,gis_osm_traffic_a_free,88.49674469587112,22.56210415
1159412654,5260,parking,,,eastern-zone-latest-free.gpkg,gis_osm_traffic_a_free,88.49605775734797,22.56115145
1159642233,5260,parking,,,eastern-zone-latest-free.gpkg,gis_osm_traffic_a_free,88.49639278496059,22.56408205
1160866685,5260,parking,,,eastern-zone-latest-free.gpkg,gis_osm_traffic_a_free,88.46386232683153,22.562822150000002
1173719699,5260,parking,,,eastern-zone-latest-free.gpkg,gis_osm_traffic_a_free,88.34298676936174,22.58140705
1173719700,5260,parking,,,eastern-zone-latest-free.gpkg,gis_osm_traffic_a_free,88.34258200574345,22.58048935
1173721200,5260,parking,,,eastern-zone-latest-free.gpkg,gis_osm_traffic_a_free,88.31342120796684,22.5565304
1173723342,5260,parking,,,eastern-zone-latest-free.gpkg,gis_osm_traffic_a_free,88.31489541557237,22.56826605
1174727057,5260,parking,,,eastern-zone-latest-free.gpkg,gis_osm_traffic_a_free,88.4933745354821,22.5634142
1174727058,5260,parking,,,eastern-zone-latest-free.gpkg,gis_osm_traffic_a_free,88.49404159745109,22.563928750000002
1174727059,5260,parking,,,eastern-zone-latest-free.gpkg,gis_osm_traffic_a_free,88.49496830457511,22.5651973
1174727060,5260,parking,,,eastern-zone-latest-free.gpkg,gis_osm_traffic_a_free,88.49463098917633,22.564693249999998
1174727061,5260,parking,,,eastern-zone-latest-free.gpkg,gis_osm_traffic_a_free,88.49388868337802,22.5635087
1174727062,5260,parking,,,eastern-zone-latest-free.gpkg,gis_osm_traffic_a_free,88.49332979017969,22.5625868
1174727063,5260,parking,,,eastern-zone-latest-free.gpkg,gis_osm_traffic_a_free,88.49650097820587,22.563933900000002
1182496638,5260,parking,,,eastern-zone-latest-free.gpkg,gis_osm_traffic_a_free,88.49756279402516,22.56123895
1182496641,5260,parking,,,eastern-zone-latest-free.gpkg,gis_osm_traffic_a_free,88.49718050161408,22.56171235
1182496642,5260,parking,,,eastern-zone-latest-free.gpkg,gis_osm_traffic_a_free,88.49701386555472,22.5617463
1182496643,5260,parking,,,eastern-zone-latest-free.gpkg,gis_osm_traffic_a_free,88.4967334350466,22.560929
1193188813,5260,parking,,,eastern-zone-latest-free.gpkg,gis_osm_traffic_a_free,88.45193896332378,22.585242899999997
1199283550,5260,parking,,,eastern-zone-latest-free.gpkg,gis_osm_traffic_a_free,88.48540217535364,22.746302149999998
1227347168,5260,parking,,,eastern-zone-latest-free.gpkg,gis_osm_traffic_a_free,88.3831338009989,22.6012164
1290314404,5260,parking,,,eastern-zone-latest-free.gpkg,gis_osm_traffic_a_free,88.3924916660792,22.58374095
1301952787,5260,parking,,,eastern-zone-latest-free.gpkg,gis_osm_traffic_a_free,88.46658643962111,22.6109808
1314558521,5260,parking,,,eastern-zone-latest-free.gpkg,gis_osm_traffic_a_free,88.45207965,22.588900799999998
1392287091,5260,parking,,,eastern-zone-latest-free.gpkg,gis_osm_traffic_a_free,88.39425566633066,22.6297038
1425349159,5260,parking,,,eastern-zone-latest-free.gpkg,gis_osm_traffic_a_free,88.62203341100192,22.84286095
1436757858,5260,parking,,,eastern-zone-latest-free.gpkg,gis_osm_traffic_a_free,88.42978103099313,22.6400325
1453657661,5260,parking,,,eastern-zone-latest-free.gpkg,gis_osm_traffic_a_free,88.37051886879175,22.567137000000002
